{
  "_last_checked_0xbddf61af533ff524d27154e589d2d7a81510c684": 1776161542.759926,
  "_last_checked_0xcc500cbcc8b7cf5bd21975ebbea34f21b5644c82": 1776161543.88094,
  "_last_checked_0xf2f6af4f27ec2dcf4072095ab804016e14cd5817": 1776161543.14012,
  "_last_checked_0x7fccad417e52c4e7b050f078ffd22553464ee083": 1776156100.171156,
  "_last_checked_0xe9c6312464b52aa3eff13d822b003282075995c9": 1776156101.282013,
  "_last_checked_0xfe787d2da716d60e8acff57fb87eb13cd4d10319": 1776156107.04729,
  "_last_checked_0x2005d16a84ceefa912d4e380cd32e7ff827875ea": 1776161549.051,
  "_last_checked_0x63a51cbb37341837b873bc29d05f482bc2988e33": 1776161549.438871,
  "_last_checked_0xbaa2bcb5439e985ce4ccf815b4700027d1b92c73": 1776161550.722596,
  "_last_checked_0x0b9cae2b0dfe7a71c413e0604eaac1c352f87e44": 1776161554.73065,
  "_last_checked_0x0c0e270cf879583d6a0142fc817e05b768d0434e": 1776161555.633951,
  "_last_checked_0x9d84ce0306f8551e02efef1680475fc0f1dc1344": 1776161555.967794,
  "_last_checked_0x7a5d94f83ff0195387eaf9f4463433d03eda54db": 1776156115.330037,
  "_last_checked_0xa438286ec21b4b07a9f84c51829ea965144d8605": 1776156122.317241,
  "_last_checked_0x2f2b6e3176e4914ccc79111dd9c704904d390f9a": 1776156124.902381,
  "_last_checked_0x6a72f61820b26b1fe4d956e17b6dc2a1ea3033ee": 1776156125.243563,
  "_last_checked_0xc8075693f48668a264b9fa313b47f52712fcc12b": 1776156125.646919,
  "_last_checked_0xe1d6b51521bd4365769199f392f9818661bd907c": 1776156130.912384,
  "_last_checked_0x507e52ef684ca2dd91f90a9d26d149dd3288beae": 1776156133.465403,
  "_last_checked_0x62390f3a385354165fb2b459f245a55253bd1d79": 1776156134.330557,
  "_last_checked_0xd3a929c63a95855d6319fec6ae2a027569a8e480": 1776161541.927108,
  "_last_checked_0x538c79de70507bd6af7150fec7e21684c36ad669": 1776161542.380209,
  "_last_checked_0x252d7bae5ec87553dcafb23e275c202ac0d3c456": 1776161543.539009,
  "_last_checked_0x6f6270c48125873180ee0871e37a039d753f0412": 1776161544.322217,
  "_last_checked_0xba64a40675d3e03d95bbb1ce1eca2d10420011e9": 1776161544.796962,
  "_last_checked_0x7079512da9e8134b0136c5d448492e894c3f58e8": 1776161549.998982,
  "_last_checked_0x9e5fe08cafe1964dd2d8e96600076ec1a715849c": 1776161551.767849,
  "_last_checked_0x116c6d1117c8690203bad2e6c5bee0d9f27fe162": 1776161552.305699,
  "_last_checked_0xffe28a4e11ce9ce5943781ce30e0f0577fd8768d": 1776161552.836001,
  "_last_checked_0x95444d9ef2fc1ec25340f66dabf1f8c27bb2826e": 1776161554.335907,
  "_last_checked_0xd38981bff1d17a46fbc13acf69ec571b8e3d2cc3": 1776161555.236315
}